Account Code Accuracy,Debit/Credit Balance,TVA Handling,Context Quality,Output Match (Similarity),BLEU Score (Word Overlap),Overall RAG Score
0.7777777777777779,0.1346058205757438,0.6666666666666666,0.462210060513125,0.7738310335176427,0.5577298979543561,0.5516113888983903
